,precision,recall,F1_score
C,0.5863377609108159,0.5282051282051282,0.5557553956834532
WP,0.7333333333333333,0.5238095238095238,0.611111111111111
PC,0.5119617224880383,0.5752688172043011,0.5417721518987342
CP,0.7436108821104699,0.7696245733788396,0.7563941299790357
IA,0.8145695364238411,0.8009302325581396,0.8076923076923078
E,0.42857142857142855,0.48,0.4528301886792452
T,0.9170854271356784,0.9057071960297767,0.9113607990012486
overall,0.7447055410501886,0.7404095760023075,0.7425513450969049
